cycle,cell,psi,residual,resnorm
0,0,0,2,1
0,1,0,0,1
0,2,0,0,1
0,3,0,0,1
0,4,0,2,1
0,5,0,0,1
0,6,0,0,1
0,7,0,0,1
0,8,0,2,1
0,9,0,0,1
0,10,0,0,1
0,11,0,0,1
0,12,0,2,1
0,13,0,0,1
0,14,0,0,1
0,15,0,0,1
0,16,0,3,1
0,17,0,1,1
0,18,0,1,1
0,19,0,1,1
1,0,0.853764140384382,-0.04928814763185108,0.1377657161591526
1,1,0.5075639729840132,0.07472756184007434,0.1377657161591526
1,2,0.2454066908248557,0.1087781856576123,0.1377657161591526
1,3,0.09931583613333098,-0.03616355074363033,0.1377657161591526
1,4,0.8582044409216636,-0.0888880619429413,0.1377657161591526
1,5,0.4982486495828765,0.1184668723179028,0.1377657161591526
1,6,0.2381184490148352,0.1605782374424414,0.1377657161591526
1,7,0.1156931029648379,-0.1119076918778011,0.1377657161591526
1,8,0.8501213526981181,-0.04902407730481106,0.1377657161591526
1,9,0.507574607728897,0.08852792611921378,0.1377657161591526
1,10,0.2537035901292122,0.1605879342834397,0.1377657161591526
1,11,0.1291235377982222,-0.1110613615171056,0.1377657161591526
1,12,0.8358036375352186,-0.06470028036007303,0.1377657161591526
1,13,0.5167527646245947,0.1045001657463404,0.1377657161591526
1,14,0.3005857002583341,0.1427496844928085,0.1377657161591526
1,15,0.1651596343799553,-0.1128691828833488,0.1377657161591526
1,16,0.7474437899933073,-0.1213118237023555,0.1377657161591526
1,17,0.5275472787222697,0.03593665739893653,0.1377657161591526
1,18,0.4094764963923829,0.0639702479785606,0.1377657161591526
1,19,0.2832197509598712,-0.1246823749868892,0.1377657161591526
2,0,0.8733073528667876,-0.006541341322261585,0.02138485595054998
2,1,0.6141897354968582,0.01022008223836945,0.02138485595054998
2,2,0.3693122731387393,-0.00467772727776089,0.02138485595054998
2,3,0.1204240615021507,0.005568868626367629,0.02138485595054998
2,4,0.8724983346480307,-0.009260798666968828,0.02138485595054998
2,5,0.6101696627234171,0.02180361593908775,0.02138485595054998
2,6,0.368645295139448,-0.001311952046681941,0.02138485595054998
2,7,0.117952841496231,0.02334185800956014,0.02138485595054998
2,8,0.8697538589829802,-0.02621478787246678,0.02138485595054998
2,9,0.6071489015484193,0.02826482171632816,0.02138485595054998
2,10,0.3758344511527228,-0.005317553370806083,0.02138485595054998
2,11,0.1240367088491165,0.02366637912713163,0.02138485595054998
2,12,0.8429072708459839,-0.01300262739870917,0.02138485595054998
2,13,0.6011024550508852,-7.079013457389483e-05,0.02138485595054998
2,14,0.3981893457031014,-0.01984510426038538,0.02138485595054998
2,15,0.1500626307237603,0.03201301840809756,0.02138485595054998
2,16,0.7306774127973454,0.0149363060333737,0.02138485595054998
2,17,0.5560935119714624,-0.002774950384429153,0.02138485595054998
2,18,0.4459127416246521,-0.01518073297401518,0.02138485595054998
2,19,0.2601001174746813,0.03537466750032486,0.02138485595054998
3,0,0.8740251110946815,-4.75387885097156e-05,0.0008992186983515203
3,1,0.6235136074412163,0.001110902087861576,0.0008992186983515203
3,2,0.3748969005532797,0.0007753060250274557,0.0008992186983515203
3,3,0.1255274078875951,3.665517862058709e-05,0.0008992186983515203
3,4,0.872539298149,0.0001986193998355645,0.0008992186983515203
3,5,0.6227297127635492,0.000298254457698155,0.0008992186983515203
3,6,0.3764249923560554,0.001018967089139067,0.0008992186983515203
3,7,0.1272493861757211,-0.0005871757479880557,0.0008992186983515203
3,8,0.8661402862866048,0.0009218089859550638,0.0008992186983515203
3,9,0.6187392075656231,-0.0006822389808066598,0.0008992186983515203
3,10,0.3818429370208104,-0.0008456959450814927,0.0008992186983515203
3,11,0.133707354886967,0.0003509531569897417,0.0008992186983515203
3,12,0.840344734704356,0.0008245017181301995,0.0008992186983515203
3,13,0.6035616552107212,-0.001171486328975568,0.0008992186983515203
3,14,0.3976544973295146,-0.0009017034975657978,0.0008992186983515203
3,15,0.1597954043952932,-0.0001731059521175582,0.0008992186983515203
3,16,0.7328462337425842,-0.000395972836733316,0.0008992186983515203
3,17,0.5563366949144157,-0.0007592964251054157,0.0008992186983515203
3,18,0.4445162891936678,-0.001148189916542031,0.0008992186983515203
3,19,0.2674420638078667,-0.0003406892582390464,0.0008992186983515203
4,0,0.8742683579291298,2.330497129254816e-05,5.431598758720021e-05
4,1,0.6243469424349879,-9.240099946183911e-06,5.431598758720021e-05
4,2,0.3756437585076806,1.915306819366691e-05,5.431598758720021e-05
4,3,0.1257272253499655,1.200769859183159e-06,5.431598758720021e-05
4,4,0.872749794252824,-1.360453833032516e-05,5.431598758720021e-05
4,5,0.6231194707682072,-8.528307213651054e-06,5.431598758720021e-05
4,6,0.3768762608062819,4.091679887241462e-05,5.431598758720021e-05
4,7,0.1272663436620405,-3.589804890236081e-05,5.431598758720021e-05
4,8,0.8663475380284528,-7.921776483421628e-05,5.431598758720021e-05
4,9,0.6184963572715213,-1.02684215690374e-05,5.431598758720021e-05
4,10,0.3815163870860717,3.299214675711593e-05,5.431598758720021e-05
4,11,0.1336923341050528,-7.900116605477625e-05,5.431598758720021e-05
4,12,0.8404123208530843,-1.716706655652267e-05,5.431598758720021e-05
4,13,0.6029917647817846,-6.569884003249093e-05,5.431598758720021e-05
4,14,0.397033588308188,1.747968631765628e-05,5.431598758720021e-05
4,15,0.1595999386110969,-1.041971548498832e-05,5.431598758720021e-05
4,16,0.7327051343886275,0.00014060837563179,5.431598758720021e-05
4,17,0.5559590938543125,-5.48276610337628e-05,5.431598758720021e-05
4,18,0.4440437424401166,3.732088867591798e-05,5.431598758720021e-05
4,19,0.2672633509267586,6.357549066210444e-05,5.431598758720021e-05
5,0,0.8742724245211888,-7.344647243723301e-07,5.450548182457195e-07
5,1,0.6243466057053482,-7.988488637256097e-08,5.450548182457195e-07
5,2,0.3756533178841978,7.151902635116336e-07,5.450548182457195e-07
5,3,0.1257280235597011,-1.075496564195699e-06,5.450548182457195e-07
5,4,0.8727423579146827,-3.842177875856834e-08,5.450548182457195e-07
5,5,0.6231139948257715,3.294142723042626e-07,5.450548182457195e-07
5,6,0.3768860395778076,-4.360535207914573e-07,5.450548182457195e-07
5,7,0.1272577008580423,1.741682268963096e-07,5.450548182457195e-07
5,8,0.8663253318046742,4.18794043333115e-07,5.450548182457195e-07
5,9,0.6184813055195196,-5.163794106755049e-07,5.450548182457195e-07
5,10,0.3815187086896981,4.746564216673299e-07,5.450548182457195e-07
5,11,0.1336746153209299,-3.013187231948322e-07,5.450548182457195e-07
5,12,0.840403414383212,2.927060278601346e-07,5.450548182457195e-07
5,13,0.602966670378524,7.082113939738122e-08,5.450548182457195e-07
5,14,0.3970333489969569,-4.04741747006554e-07,5.450548182457195e-07
5,15,0.1595963657381858,6.842565781761678e-07,5.450548182457195e-07
5,16,0.7327253624388895,-7.68145780316587e-08,5.450548182457195e-07
5,17,0.5559486834355472,-1.379206495122354e-07,5.450548182457195e-07
5,18,0.4440512464396726,3.488637613235923e-07,5.450548182457195e-07
5,19,0.2672745486296203,3.204001365331166e-07,5.450548182457195e-07
6,0,0.8742722092603993,6.27771697958579e-08,5.269959183126878e-08
6,1,0.6243465680187389,-5.578011086360135e-08,5.269959183126878e-08
6,2,0.3756534288356106,3.699524714351199e-08,5.269959183126878e-08
6,3,0.1257277707709427,6.185564449534553e-09,5.269959183126878e-08
6,4,0.872742331800028,-3.133418380318886e-08,5.269959183126878e-08
6,5,0.623114010180096,7.200160234699382e-08,5.269959183126878e-08
6,6,0.3768859847123973,-6.736979712984592e-08,5.269959183126878e-08
6,7,0.1272576604337248,5.064513616814814e-08,5.269959183126878e-08
6,8,0.8663254082254611,1.380917324933506e-08,5.269959183126878e-08
6,9,0.6184812281908224,-4.873120940107611e-08,5.269959183126878e-08
6,10,0.3815187720303604,5.664924729309462e-08,5.269959183126878e-08
6,11,0.1336745973304202,-3.993309194427752e-08,5.269959183126878e-08
6,12,0.8404034949456285,-3.294660733121901e-08,5.269959183126878e-08
6,13,0.6029666735961626,4.026044553295804e-08,5.269959183126878e-08
6,14,0.3970333345370491,-4.705377637526098e-08,5.269959183126878e-08
6,15,0.1595965142549239,7.156162162846869e-09,5.269959183126878e-08
6,16,0.7327253599599115,1.215775558005561e-08,5.269959183126878e-08
6,17,0.5559486769715961,-2.00889329060594e-08,5.269959183126878e-08
6,18,0.4440513312129733,2.007091326472477e-09,5.269959183126878e-08
6,19,0.2672746465633125,-3.391197783697564e-08,5.269959183126878e-08
7,0,0.8742722231317281,4.008917642295273e-10,1.512633283995969e-09
7,1,0.6243465615850057,-5.48504353048429e-10,1.512633283995969e-09
7,2,0.3756534383373728,4.890817195679631e-10,1.512633283995969e-09
7,3,0.1257277766882423,9.450763505114423e-10,1.512633283995969e-09
7,4,0.8727423313427987,-2.85988388526448e-09,1.512633283995969e-09
7,5,0.6231140227374117,1.003433669488629e-09,1.512633283995969e-09
7,6,0.3768859772279521,4.802153119598529e-11,1.512633283995969e-09
7,7,0.1272576693606728,-1.595587079128435e-09,1.512633283995969e-09
7,8,0.8663254079849696,2.355066697212749e-09,1.512633283995969e-09
7,9,0.618481221797324,-1.380098813008601e-09,1.512633283995969e-09
7,10,0.3815187785243725,-7.594533335542053e-10,1.512633283995969e-09
7,11,0.1336745912915825,2.367439216888201e-09,1.512633283995969e-09
7,12,0.840403489139792,-9.785409149642987e-10,1.512633283995969e-09
7,13,0.6029666765624434,5.86433568372513e-10,1.512633283995969e-09
7,14,0.3970333230211783,9.974409631574588e-10,1.512633283995969e-09
7,15,0.1595965109403064,-9.346240448238063e-10,1.512633283995969e-09
7,16,0.7327253601730062,9.796679023565957e-10,1.512633283995969e-09
7,17,0.5559486728779128,-5.990830609370335e-10,1.512633283995969e-09
7,18,0.4440513270550316,7.808015345389663e-11,1.512633283995969e-09
7,19,0.2672746394541474,1.270453908741587e-09,1.512633283995969e-09
8,0,0.874272223066658,1.556155204696097e-11,1.34649619618091e-11
8,1,0.6243465614580993,-7.19935222548429e-12,1.34649619618091e-11
8,2,0.375653438536838,1.382777226055509e-11,1.34649619618091e-11
8,3,0.1257277769318128,-1.188468767843176e-11,1.34649619618091e-11
8,4,0.8727423308240941,-1.873168287147564e-12,1.34649619618091e-11
8,5,0.6231140227636027,1.014399675369759e-11,1.34649619618091e-11
8,6,0.3768859772344298,-2.066957716095885e-12,1.34649619618091e-11
8,7,0.1272576691785286,-1.131333915438404e-11,1.34649619618091e-11
8,8,0.8663254082883367,-8.508971305332125e-12,1.34649619618091e-11
8,9,0.6184812215479317,6.230571614196379e-12,1.34649619618091e-11
8,10,0.3815187784566829,-1.689631767831656e-11,1.34649619618091e-11
8,11,0.1336745917150872,1.835115392978537e-12,1.34649619618091e-11
8,12,0.8404034890611488,-1.050626252663278e-11,1.34649619618091e-11
8,13,0.6029666766893351,-7.99593724565284e-12,1.34649619618091e-11
8,14,0.3970333233123864,2.903732809755866e-12,1.34649619618091e-11
8,15,0.1595965109420597,-1.328936960476312e-13,1.34649619618091e-11
8,16,0.7327253603175659,-1.636868418586346e-11,1.34649619618091e-11
8,17,0.5559486728278776,3.188443953305864e-11,1.34649619618091e-11
8,18,0.4440513271643717,1.097288926388273e-12,1.34649619618091e-11
8,19,0.267274639682692,1.027949947385309e-11,1.34649619618091e-11
9,0,0.8742722230709704,-2.192690473634684e-13,4.968919890848507e-13
9,1,0.6243465614590049,8.337774914934926e-14,4.968919890848507e-13
9,2,0.3756534385400688,7.965850201685498e-13,4.968919890848507e-13
9,3,0.1257277769287571,7.341349750333848e-14,4.968919890848507e-13
9,4,0.8727423308246575,-1.315614284180811e-13,4.968919890848507e-13
9,5,0.6231140227660589,4.578559753554146e-13,4.968919890848507e-13
9,6,0.376885977233241,-2.249311847890567e-13,4.968919890848507e-13
9,7,0.1272576691750329,6.076805725285794e-13,4.968919890848507e-13
9,8,0.8663254082861265,-4.624078897563777e-13,4.968919890848507e-13
9,9,0.6184812215477899,4.165556788393587e-13,4.968919890848507e-13
9,10,0.3815187784515787,8.37108160567368e-14,4.968919890848507e-13
9,11,0.133674591713774,-1.703637231287303e-13,4.968919890848507e-13
9,12,0.8404034890577224,6.119549311733863e-13,4.968919890848507e-13
9,13,0.6029666766878122,-3.488320743372242e-13,4.968919890848507e-13
9,14,0.3970333233115933,1.180278097479004e-12,4.968919890848507e-13
9,15,0.1595965109420881,-3.734790254839027e-13,4.968919890848507e-13
9,16,0.7327253603152856,-1.966204976611152e-13,4.968919890848507e-13
9,17,0.5559486728337943,2.005617893985345e-13,4.968919890848507e-13
9,18,0.4440513271660744,-2.847166946651214e-13,4.968919890848507e-13
9,19,0.2672746396846996,-3.519406988061746e-14,4.968919890848507e-13
10,0,0.8742722230709945,4.996003610813204e-15,1.099185385668903e-13
10,1,0.6243465614592826,7.438494264988549e-14,1.099185385668903e-13
10,2,0.3756534385405852,-4.696243394164412e-14,1.099185385668903e-13
10,3,0.1257277769289773,-3.594347042223944e-14,1.099185385668903e-13
10,4,0.8727423308247004,-5.040412531798211e-14,1.099185385668903e-13
10,5,0.6231140227663423,8.260059303211165e-14,1.099185385668903e-13
10,6,0.3768859772334487,2.144950883575802e-13,1.099185385668903e-13
10,7,0.1272576691752881,-1.714461905777398e-13,1.099185385668903e-13
10,8,0.8663254082861152,3.430589146091734e-14,1.099185385668903e-13
10,9,0.61848122154802,8.171241461241152e-14,1.099185385668903e-13
10,10,0.3815187784517939,1.446065489574266e-13,1.099185385668903e-13
10,11,0.1336745917138427,-2.278732758043134e-14,1.099185385668903e-13
10,12,0.8404034890578894,-1.334488075599438e-13,1.099185385668903e-13
10,13,0.6029666766879103,1.405542349175448e-13,1.099185385668903e-13
10,14,0.3970333233120089,-1.218469769526109e-13,1.099185385668903e-13
10,15,0.159596510942109,1.509903313490213e-14,1.099185385668903e-13
10,16,0.7327253603152883,2.275957200481571e-14,1.099185385668903e-13
10,17,0.5559486728338634,-1.804112415015879e-14,1.099185385668903e-13
10,18,0.4440513271661004,7.899236820207989e-14,1.099185385668903e-13
10,19,0.2672746396847085,-4.157785227221211e-14,1.099185385668903e-13
11,0,0.8742722230710206,-1.887379141862766e-15,5.823889470045163e-15
11,1,0.6243465614593607,1.143529715363911e-14,5.823889470045163e-15
11,2,0.3756534385406335,-1.77635683940025e-15,5.823889470045163e-15
11,3,0.125727776928977,4.135580766728708e-15,5.823889470045163e-15
11,4,0.8727423308247197,4.884981308350689e-15,5.823889470045163e-15
11,5,0.6231140227664395,-2.886579864025407e-15,5.823889470045163e-15
11,6,0.376885977233561,-2.997602166487923e-15,5.823889470045163e-15
11,7,0.1272576691752787,2.192690473634684e-15,5.823889470045163e-15
11,8,0.8663254082861435,-9.992007221626409e-16,5.823889470045163e-15
11,9,0.6184812215481132,-8.215650382226158e-15,5.823889470045163e-15
11,10,0.3815187784518894,-8.881784197001252e-16,5.823889470045163e-15
11,11,0.1336745917138578,-3.635980405647388e-15,5.823889470045163e-15
11,12,0.8404034890578832,-6.550315845288424e-15,5.823889470045163e-15
11,13,0.6029666766879723,9.658940314238862e-15,5.823889470045163e-15
11,14,0.3970333233120247,6.106226635438361e-16,5.823889470045163e-15
11,15,0.1595965109421172,2.331468351712829e-15,5.823889470045163e-15
11,16,0.7327253603152939,-2.331468351712829e-15,5.823889470045163e-15
11,17,0.5559486728338778,-2.609024107869118e-15,5.823889470045163e-15
11,18,0.4440513271661204,5.995204332975845e-15,5.823889470045163e-15
11,19,0.2672746396847057,3.608224830031759e-15,5.823889470045163e-15
12,0,0.8742722230710215,0,1.673125889345791e-16
12,1,0.6243465614593652,3.33066907387547e-16,1.673125889345791e-16
12,2,0.3756534385406348,-5.551115123125783e-17,1.673125889345791e-16
12,3,0.1257277769289785,1.387778780781446e-16,1.673125889345791e-16
12,4,0.8727423308247207,2.220446049250313e-16,1.673125889345791e-16
12,5,0.6231140227664395,1.110223024625157e-16,1.673125889345791e-16
12,6,0.3768859772335607,-4.996003610813204e-16,1.673125889345791e-16
12,7,0.1272576691752792,0,1.673125889345791e-16
12,8,0.8663254082861428,-2.220446049250313e-16,1.673125889345791e-16
12,9,0.6184812215481112,4.440892098500626e-16,1.673125889345791e-16
12,10,0.3815187784518887,-5.551115123125783e-17,1.673125889345791e-16
12,11,0.1336745917138571,3.885780586188048e-16,1.673125889345791e-16
12,12,0.840403489057882,7.771561172376096e-16,1.673125889345791e-16
12,13,0.6029666766879744,-8.881784197001252e-16,1.673125889345791e-16
12,14,0.3970333233120257,1.110223024625157e-16,1.673125889345791e-16
12,15,0.1595965109421179,5.551115123125783e-17,1.673125889345791e-16
12,16,0.7327253603152933,-2.220446049250313e-16,1.673125889345791e-16
12,17,0.5559486728338778,5.551115123125783e-16,1.673125889345791e-16
12,18,0.4440513271661219,6.661338147750939e-16,1.673125889345791e-16
12,19,0.2672746396847068,-7.771561172376096e-16,1.673125889345791e-16
13,0,0.8742722230710215,0,1.145166719907535e-18
13,1,0.6243465614593652,3.33066907387547e-16,1.145166719907535e-18
13,2,0.3756534385406348,-2.220446049250313e-16,1.145166719907535e-18
13,3,0.1257277769289785,0,1.145166719907535e-18
13,4,0.8727423308247207,2.220446049250313e-16,1.145166719907535e-18
13,5,0.6231140227664395,1.110223024625157e-16,1.145166719907535e-18
13,6,0.3768859772335607,-4.996003610813204e-16,1.145166719907535e-18
13,7,0.1272576691752793,2.775557561562891e-17,1.145166719907535e-18
13,8,0.8663254082861428,-2.220446049250313e-16,1.145166719907535e-18
13,9,0.6184812215481112,4.440892098500626e-16,1.145166719907535e-18
13,10,0.3815187784518887,-1.110223024625157e-16,1.145166719907535e-18
13,11,0.1336745917138571,3.05311331771918e-16,1.145166719907535e-18
13,12,0.840403489057882,7.771561172376096e-16,1.145166719907535e-18
13,13,0.6029666766879744,-8.881784197001252e-16,1.145166719907535e-18
13,14,0.3970333233120257,3.885780586188048e-16,1.145166719907535e-18
13,15,0.1595965109421179,-1.665334536937735e-16,1.145166719907535e-18
13,16,0.7327253603152933,-1.110223024625157e-16,1.145166719907535e-18
13,17,0.5559486728338779,1.665334536937735e-16,1.145166719907535e-18
13,18,0.444051327166122,3.885780586188048e-16,1.145166719907535e-18
13,19,0.2672746396847067,-3.885780586188048e-16,1.145166719907535e-18
14,0,0.8742722230710215,0,1.147818774169811e-20
14,1,0.6243465614593652,3.33066907387547e-16,1.147818774169811e-20
14,2,0.3756534385406348,-2.220446049250313e-16,1.147818774169811e-20
14,3,0.1257277769289785,0,1.147818774169811e-20
14,4,0.8727423308247207,2.220446049250313e-16,1.147818774169811e-20
14,5,0.6231140227664395,1.110223024625157e-16,1.147818774169811e-20
14,6,0.3768859772335607,-4.996003610813204e-16,1.147818774169811e-20
14,7,0.1272576691752793,2.775557561562891e-17,1.147818774169811e-20
14,8,0.8663254082861428,-2.220446049250313e-16,1.147818774169811e-20
14,9,0.6184812215481112,4.440892098500626e-16,1.147818774169811e-20
14,10,0.3815187784518887,-1.110223024625157e-16,1.147818774169811e-20
14,11,0.1336745917138571,3.05311331771918e-16,1.147818774169811e-20
14,12,0.840403489057882,7.771561172376096e-16,1.147818774169811e-20
14,13,0.6029666766879744,-8.881784197001252e-16,1.147818774169811e-20
14,14,0.3970333233120257,3.885780586188048e-16,1.147818774169811e-20
14,15,0.1595965109421179,-1.665334536937735e-16,1.147818774169811e-20
14,16,0.7327253603152933,-1.110223024625157e-16,1.147818774169811e-20
14,17,0.5559486728338779,1.665334536937735e-16,1.147818774169811e-20
14,18,0.444051327166122,3.885780586188048e-16,1.147818774169811e-20
14,19,0.2672746396847067,-3.885780586188048e-16,1.147818774169811e-20
15,0,0.8742722230710215,0,7.532411720219591e-22
15,1,0.6243465614593652,3.33066907387547e-16,7.532411720219591e-22
15,2,0.3756534385406348,-2.220446049250313e-16,7.532411720219591e-22
15,3,0.1257277769289785,0,7.532411720219591e-22
15,4,0.8727423308247207,2.220446049250313e-16,7.532411720219591e-22
15,5,0.6231140227664395,1.110223024625157e-16,7.532411720219591e-22
15,6,0.3768859772335607,-4.996003610813204e-16,7.532411720219591e-22
15,7,0.1272576691752793,2.775557561562891e-17,7.532411720219591e-22
15,8,0.8663254082861428,-2.220446049250313e-16,7.532411720219591e-22
15,9,0.6184812215481112,4.440892098500626e-16,7.532411720219591e-22
15,10,0.3815187784518887,-1.110223024625157e-16,7.532411720219591e-22
15,11,0.1336745917138571,3.05311331771918e-16,7.532411720219591e-22
15,12,0.840403489057882,7.771561172376096e-16,7.532411720219591e-22
15,13,0.6029666766879744,-8.881784197001252e-16,7.532411720219591e-22
15,14,0.3970333233120257,3.885780586188048e-16,7.532411720219591e-22
15,15,0.1595965109421179,-1.665334536937735e-16,7.532411720219591e-22
15,16,0.7327253603152933,-1.110223024625157e-16,7.532411720219591e-22
15,17,0.5559486728338779,1.665334536937735e-16,7.532411720219591e-22
15,18,0.444051327166122,3.885780586188048e-16,7.532411720219591e-22
15,19,0.2672746396847067,-3.885780586188048e-16,7.532411720219591e-22
16,0,0.8742722230710215,0,8.989841392662189e-24
16,1,0.6243465614593652,3.33066907387547e-16,8.989841392662189e-24
16,2,0.3756534385406348,-2.220446049250313e-16,8.989841392662189e-24
16,3,0.1257277769289785,0,8.989841392662189e-24
16,4,0.8727423308247207,2.220446049250313e-16,8.989841392662189e-24
16,5,0.6231140227664395,1.110223024625157e-16,8.989841392662189e-24
16,6,0.3768859772335607,-4.996003610813204e-16,8.989841392662189e-24
16,7,0.1272576691752793,2.775557561562891e-17,8.989841392662189e-24
16,8,0.8663254082861428,-2.220446049250313e-16,8.989841392662189e-24
16,9,0.6184812215481112,4.440892098500626e-16,8.989841392662189e-24
16,10,0.3815187784518887,-1.110223024625157e-16,8.989841392662189e-24
16,11,0.1336745917138571,3.05311331771918e-16,8.989841392662189e-24
16,12,0.840403489057882,7.771561172376096e-16,8.989841392662189e-24
16,13,0.6029666766879744,-8.881784197001252e-16,8.989841392662189e-24
16,14,0.3970333233120257,3.885780586188048e-16,8.989841392662189e-24
16,15,0.1595965109421179,-1.665334536937735e-16,8.989841392662189e-24
16,16,0.7327253603152933,-1.110223024625157e-16,8.989841392662189e-24
16,17,0.5559486728338779,1.665334536937735e-16,8.989841392662189e-24
16,18,0.444051327166122,3.885780586188048e-16,8.989841392662189e-24
16,19,0.2672746396847067,-3.885780586188048e-16,8.989841392662189e-24
17,0,0.8742722230710215,0,1.036188785756253e-24
17,1,0.6243465614593652,3.33066907387547e-16,1.036188785756253e-24
17,2,0.3756534385406348,-2.220446049250313e-16,1.036188785756253e-24
17,3,0.1257277769289785,0,1.036188785756253e-24
17,4,0.8727423308247207,2.220446049250313e-16,1.036188785756253e-24
17,5,0.6231140227664395,1.110223024625157e-16,1.036188785756253e-24
17,6,0.3768859772335607,-4.996003610813204e-16,1.036188785756253e-24
17,7,0.1272576691752793,2.775557561562891e-17,1.036188785756253e-24
17,8,0.8663254082861428,-2.220446049250313e-16,1.036188785756253e-24
17,9,0.6184812215481112,4.440892098500626e-16,1.036188785756253e-24
17,10,0.3815187784518887,-1.110223024625157e-16,1.036188785756253e-24
17,11,0.1336745917138571,3.05311331771918e-16,1.036188785756253e-24
17,12,0.840403489057882,7.771561172376096e-16,1.036188785756253e-24
17,13,0.6029666766879744,-8.881784197001252e-16,1.036188785756253e-24
17,14,0.3970333233120257,3.885780586188048e-16,1.036188785756253e-24
17,15,0.1595965109421179,-1.665334536937735e-16,1.036188785756253e-24
17,16,0.7327253603152933,-1.110223024625157e-16,1.036188785756253e-24
17,17,0.5559486728338779,1.665334536937735e-16,1.036188785756253e-24
17,18,0.444051327166122,3.885780586188048e-16,1.036188785756253e-24
17,19,0.2672746396847067,-3.885780586188048e-16,1.036188785756253e-24
18,0,0.8742722230710215,0,1.886365927585107e-25
18,1,0.6243465614593652,3.33066907387547e-16,1.886365927585107e-25
18,2,0.3756534385406348,-2.220446049250313e-16,1.886365927585107e-25
18,3,0.1257277769289785,0,1.886365927585107e-25
18,4,0.8727423308247207,2.220446049250313e-16,1.886365927585107e-25
18,5,0.6231140227664395,1.110223024625157e-16,1.886365927585107e-25
18,6,0.3768859772335607,-4.996003610813204e-16,1.886365927585107e-25
18,7,0.1272576691752793,2.775557561562891e-17,1.886365927585107e-25
18,8,0.8663254082861428,-2.220446049250313e-16,1.886365927585107e-25
18,9,0.6184812215481112,4.440892098500626e-16,1.886365927585107e-25
18,10,0.3815187784518887,-1.110223024625157e-16,1.886365927585107e-25
18,11,0.1336745917138571,3.05311331771918e-16,1.886365927585107e-25
18,12,0.840403489057882,7.771561172376096e-16,1.886365927585107e-25
18,13,0.6029666766879744,-8.881784197001252e-16,1.886365927585107e-25
18,14,0.3970333233120257,3.885780586188048e-16,1.886365927585107e-25
18,15,0.1595965109421179,-1.665334536937735e-16,1.886365927585107e-25
18,16,0.7327253603152933,-1.110223024625157e-16,1.886365927585107e-25
18,17,0.5559486728338779,1.665334536937735e-16,1.886365927585107e-25
18,18,0.444051327166122,3.885780586188048e-16,1.886365927585107e-25
18,19,0.2672746396847067,-3.885780586188048e-16,1.886365927585107e-25
19,0,0.8742722230710215,0,4.242510210086043e-28
19,1,0.6243465614593652,3.33066907387547e-16,4.242510210086043e-28
19,2,0.3756534385406348,-2.220446049250313e-16,4.242510210086043e-28
19,3,0.1257277769289785,0,4.242510210086043e-28
19,4,0.8727423308247207,2.220446049250313e-16,4.242510210086043e-28
19,5,0.6231140227664395,1.110223024625157e-16,4.242510210086043e-28
19,6,0.3768859772335607,-4.996003610813204e-16,4.242510210086043e-28
19,7,0.1272576691752793,2.775557561562891e-17,4.242510210086043e-28
19,8,0.8663254082861428,-2.220446049250313e-16,4.242510210086043e-28
19,9,0.6184812215481112,4.440892098500626e-16,4.242510210086043e-28
19,10,0.3815187784518887,-1.110223024625157e-16,4.242510210086043e-28
19,11,0.1336745917138571,3.05311331771918e-16,4.242510210086043e-28
19,12,0.840403489057882,7.771561172376096e-16,4.242510210086043e-28
19,13,0.6029666766879744,-8.881784197001252e-16,4.242510210086043e-28
19,14,0.3970333233120257,3.885780586188048e-16,4.242510210086043e-28
19,15,0.1595965109421179,-1.665334536937735e-16,4.242510210086043e-28
19,16,0.7327253603152933,-1.110223024625157e-16,4.242510210086043e-28
19,17,0.5559486728338779,1.665334536937735e-16,4.242510210086043e-28
19,18,0.444051327166122,3.885780586188048e-16,4.242510210086043e-28
19,19,0.2672746396847067,-3.885780586188048e-16,4.242510210086043e-28
20,0,0.8742722230710215,0,4.351012180046149e-30
20,1,0.6243465614593652,3.33066907387547e-16,4.351012180046149e-30
20,2,0.3756534385406348,-2.220446049250313e-16,4.351012180046149e-30
20,3,0.1257277769289785,0,4.351012180046149e-30
20,4,0.8727423308247207,2.220446049250313e-16,4.351012180046149e-30
20,5,0.6231140227664395,1.110223024625157e-16,4.351012180046149e-30
20,6,0.3768859772335607,-4.996003610813204e-16,4.351012180046149e-30
20,7,0.1272576691752793,2.775557561562891e-17,4.351012180046149e-30
20,8,0.8663254082861428,-2.220446049250313e-16,4.351012180046149e-30
20,9,0.6184812215481112,4.440892098500626e-16,4.351012180046149e-30
20,10,0.3815187784518887,-1.110223024625157e-16,4.351012180046149e-30
20,11,0.1336745917138571,3.05311331771918e-16,4.351012180046149e-30
20,12,0.840403489057882,7.771561172376096e-16,4.351012180046149e-30
20,13,0.6029666766879744,-8.881784197001252e-16,4.351012180046149e-30
20,14,0.3970333233120257,3.885780586188048e-16,4.351012180046149e-30
20,15,0.1595965109421179,-1.665334536937735e-16,4.351012180046149e-30
20,16,0.7327253603152933,-1.110223024625157e-16,4.351012180046149e-30
20,17,0.5559486728338779,1.665334536937735e-16,4.351012180046149e-30
20,18,0.444051327166122,3.885780586188048e-16,4.351012180046149e-30
20,19,0.2672746396847067,-3.885780586188048e-16,4.351012180046149e-30
21,0,0.8742722230710215,0,1.023334744215469e-31
21,1,0.6243465614593652,3.33066907387547e-16,1.023334744215469e-31
21,2,0.3756534385406348,-2.220446049250313e-16,1.023334744215469e-31
21,3,0.1257277769289785,0,1.023334744215469e-31
21,4,0.8727423308247207,2.220446049250313e-16,1.023334744215469e-31
21,5,0.6231140227664395,1.110223024625157e-16,1.023334744215469e-31
21,6,0.3768859772335607,-4.996003610813204e-16,1.023334744215469e-31
21,7,0.1272576691752793,2.775557561562891e-17,1.023334744215469e-31
21,8,0.8663254082861428,-2.220446049250313e-16,1.023334744215469e-31
21,9,0.6184812215481112,4.440892098500626e-16,1.023334744215469e-31
21,10,0.3815187784518887,-1.110223024625157e-16,1.023334744215469e-31
21,11,0.1336745917138571,3.05311331771918e-16,1.023334744215469e-31
21,12,0.840403489057882,7.771561172376096e-16,1.023334744215469e-31
21,13,0.6029666766879744,-8.881784197001252e-16,1.023334744215469e-31
21,14,0.3970333233120257,3.885780586188048e-16,1.023334744215469e-31
21,15,0.1595965109421179,-1.665334536937735e-16,1.023334744215469e-31
21,16,0.7327253603152933,-1.110223024625157e-16,1.023334744215469e-31
21,17,0.5559486728338779,1.665334536937735e-16,1.023334744215469e-31
21,18,0.444051327166122,3.885780586188048e-16,1.023334744215469e-31
21,19,0.2672746396847067,-3.885780586188048e-16,1.023334744215469e-31
22,0,0.8742722230710215,0,1.171510386995515e-33
22,1,0.6243465614593652,3.33066907387547e-16,1.171510386995515e-33
22,2,0.3756534385406348,-2.220446049250313e-16,1.171510386995515e-33
22,3,0.1257277769289785,0,1.171510386995515e-33
22,4,0.8727423308247207,2.220446049250313e-16,1.171510386995515e-33
22,5,0.6231140227664395,1.110223024625157e-16,1.171510386995515e-33
22,6,0.3768859772335607,-4.996003610813204e-16,1.171510386995515e-33
22,7,0.1272576691752793,2.775557561562891e-17,1.171510386995515e-33
22,8,0.8663254082861428,-2.220446049250313e-16,1.171510386995515e-33
22,9,0.6184812215481112,4.440892098500626e-16,1.171510386995515e-33
22,10,0.3815187784518887,-1.110223024625157e-16,1.171510386995515e-33
22,11,0.1336745917138571,3.05311331771918e-16,1.171510386995515e-33
22,12,0.840403489057882,7.771561172376096e-16,1.171510386995515e-33
22,13,0.6029666766879744,-8.881784197001252e-16,1.171510386995515e-33
22,14,0.3970333233120257,3.885780586188048e-16,1.171510386995515e-33
22,15,0.1595965109421179,-1.665334536937735e-16,1.171510386995515e-33
22,16,0.7327253603152933,-1.110223024625157e-16,1.171510386995515e-33
22,17,0.5559486728338779,1.665334536937735e-16,1.171510386995515e-33
22,18,0.444051327166122,3.885780586188048e-16,1.171510386995515e-33
22,19,0.2672746396847067,-3.885780586188048e-16,1.171510386995515e-33
23,0,0.8742722230710215,0,4.388561565347615e-35
23,1,0.6243465614593652,3.33066907387547e-16,4.388561565347615e-35
23,2,0.3756534385406348,-2.220446049250313e-16,4.388561565347615e-35
23,3,0.1257277769289785,0,4.388561565347615e-35
23,4,0.8727423308247207,2.220446049250313e-16,4.388561565347615e-35
23,5,0.6231140227664395,1.110223024625157e-16,4.388561565347615e-35
23,6,0.3768859772335607,-4.996003610813204e-16,4.388561565347615e-35
23,7,0.1272576691752793,2.775557561562891e-17,4.388561565347615e-35
23,8,0.8663254082861428,-2.220446049250313e-16,4.388561565347615e-35
23,9,0.6184812215481112,4.440892098500626e-16,4.388561565347615e-35
23,10,0.3815187784518887,-1.110223024625157e-16,4.388561565347615e-35
23,11,0.1336745917138571,3.05311331771918e-16,4.388561565347615e-35
23,12,0.840403489057882,7.771561172376096e-16,4.388561565347615e-35
23,13,0.6029666766879744,-8.881784197001252e-16,4.388561565347615e-35
23,14,0.3970333233120257,3.885780586188048e-16,4.388561565347615e-35
23,15,0.1595965109421179,-1.665334536937735e-16,4.388561565347615e-35
23,16,0.7327253603152933,-1.110223024625157e-16,4.388561565347615e-35
23,17,0.5559486728338779,1.665334536937735e-16,4.388561565347615e-35
23,18,0.444051327166122,3.885780586188048e-16,4.388561565347615e-35
23,19,0.2672746396847067,-3.885780586188048e-16,4.388561565347615e-35
24,0,0.8742722230710215,0,4.875890053564541e-36
24,1,0.6243465614593652,3.33066907387547e-16,4.875890053564541e-36
24,2,0.3756534385406348,-2.220446049250313e-16,4.875890053564541e-36
24,3,0.1257277769289785,0,4.875890053564541e-36
24,4,0.8727423308247207,2.220446049250313e-16,4.875890053564541e-36
24,5,0.6231140227664395,1.110223024625157e-16,4.875890053564541e-36
24,6,0.3768859772335607,-4.996003610813204e-16,4.875890053564541e-36
24,7,0.1272576691752793,2.775557561562891e-17,4.875890053564541e-36
24,8,0.8663254082861428,-2.220446049250313e-16,4.875890053564541e-36
24,9,0.6184812215481112,4.440892098500626e-16,4.875890053564541e-36
24,10,0.3815187784518887,-1.110223024625157e-16,4.875890053564541e-36
24,11,0.1336745917138571,3.05311331771918e-16,4.875890053564541e-36
24,12,0.840403489057882,7.771561172376096e-16,4.875890053564541e-36
24,13,0.6029666766879744,-8.881784197001252e-16,4.875890053564541e-36
24,14,0.3970333233120257,3.885780586188048e-16,4.875890053564541e-36
24,15,0.1595965109421179,-1.665334536937735e-16,4.875890053564541e-36
24,16,0.7327253603152933,-1.110223024625157e-16,4.875890053564541e-36
24,17,0.5559486728338779,1.665334536937735e-16,4.875890053564541e-36
24,18,0.444051327166122,3.885780586188048e-16,4.875890053564541e-36
24,19,0.2672746396847067,-3.885780586188048e-16,4.875890053564541e-36
25,0,0.8742722230710215,0,4.285154389676977e-37
25,1,0.6243465614593652,3.33066907387547e-16,4.285154389676977e-37
25,2,0.3756534385406348,-2.220446049250313e-16,4.285154389676977e-37
25,3,0.1257277769289785,0,4.285154389676977e-37
25,4,0.8727423308247207,2.220446049250313e-16,4.285154389676977e-37
25,5,0.6231140227664395,1.110223024625157e-16,4.285154389676977e-37
25,6,0.3768859772335607,-4.996003610813204e-16,4.285154389676977e-37
25,7,0.1272576691752793,2.775557561562891e-17,4.285154389676977e-37
25,8,0.8663254082861428,-2.220446049250313e-16,4.285154389676977e-37
25,9,0.6184812215481112,4.440892098500626e-16,4.285154389676977e-37
25,10,0.3815187784518887,-1.110223024625157e-16,4.285154389676977e-37
25,11,0.1336745917138571,3.05311331771918e-16,4.285154389676977e-37
25,12,0.840403489057882,7.771561172376096e-16,4.285154389676977e-37
25,13,0.6029666766879744,-8.881784197001252e-16,4.285154389676977e-37
25,14,0.3970333233120257,3.885780586188048e-16,4.285154389676977e-37
25,15,0.1595965109421179,-1.665334536937735e-16,4.285154389676977e-37
25,16,0.7327253603152933,-1.110223024625157e-16,4.285154389676977e-37
25,17,0.5559486728338779,1.665334536937735e-16,4.285154389676977e-37
25,18,0.444051327166122,3.885780586188048e-16,4.285154389676977e-37
25,19,0.2672746396847067,-3.885780586188048e-16,4.285154389676977e-37
26,0,0.8742722230710215,0,6.546600788160435e-39
26,1,0.6243465614593652,3.33066907387547e-16,6.546600788160435e-39
26,2,0.3756534385406348,-2.220446049250313e-16,6.546600788160435e-39
26,3,0.1257277769289785,0,6.546600788160435e-39
26,4,0.8727423308247207,2.220446049250313e-16,6.546600788160435e-39
26,5,0.6231140227664395,1.110223024625157e-16,6.546600788160435e-39
26,6,0.3768859772335607,-4.996003610813204e-16,6.546600788160435e-39
26,7,0.1272576691752793,2.775557561562891e-17,6.546600788160435e-39
26,8,0.8663254082861428,-2.220446049250313e-16,6.546600788160435e-39
26,9,0.6184812215481112,4.440892098500626e-16,6.546600788160435e-39
26,10,0.3815187784518887,-1.110223024625157e-16,6.546600788160435e-39
26,11,0.1336745917138571,3.05311331771918e-16,6.546600788160435e-39
26,12,0.840403489057882,7.771561172376096e-16,6.546600788160435e-39
26,13,0.6029666766879744,-8.881784197001252e-16,6.546600788160435e-39
26,14,0.3970333233120257,3.885780586188048e-16,6.546600788160435e-39
26,15,0.1595965109421179,-1.665334536937735e-16,6.546600788160435e-39
26,16,0.7327253603152933,-1.110223024625157e-16,6.546600788160435e-39
26,17,0.5559486728338779,1.665334536937735e-16,6.546600788160435e-39
26,18,0.444051327166122,3.885780586188048e-16,6.546600788160435e-39
26,19,0.2672746396847067,-3.885780586188048e-16,6.546600788160435e-39
27,0,0.8742722230710215,0,8.523752226077184e-40
27,1,0.6243465614593652,3.33066907387547e-16,8.523752226077184e-40
27,2,0.3756534385406348,-2.220446049250313e-16,8.523752226077184e-40
27,3,0.1257277769289785,0,8.523752226077184e-40
27,4,0.8727423308247207,2.220446049250313e-16,8.523752226077184e-40
27,5,0.6231140227664395,1.110223024625157e-16,8.523752226077184e-40
27,6,0.3768859772335607,-4.996003610813204e-16,8.523752226077184e-40
27,7,0.1272576691752793,2.775557561562891e-17,8.523752226077184e-40
27,8,0.8663254082861428,-2.220446049250313e-16,8.523752226077184e-40
27,9,0.6184812215481112,4.440892098500626e-16,8.523752226077184e-40
27,10,0.3815187784518887,-1.110223024625157e-16,8.523752226077184e-40
27,11,0.1336745917138571,3.05311331771918e-16,8.523752226077184e-40
27,12,0.840403489057882,7.771561172376096e-16,8.523752226077184e-40
27,13,0.6029666766879744,-8.881784197001252e-16,8.523752226077184e-40
27,14,0.3970333233120257,3.885780586188048e-16,8.523752226077184e-40
27,15,0.1595965109421179,-1.665334536937735e-16,8.523752226077184e-40
27,16,0.7327253603152933,-1.110223024625157e-16,8.523752226077184e-40
27,17,0.5559486728338779,1.665334536937735e-16,8.523752226077184e-40
27,18,0.444051327166122,3.885780586188048e-16,8.523752226077184e-40
27,19,0.2672746396847067,-3.885780586188048e-16,8.523752226077184e-40
28,0,0.8742722230710215,0,4.251579779233525e-40
28,1,0.6243465614593652,3.33066907387547e-16,4.251579779233525e-40
28,2,0.3756534385406348,-2.220446049250313e-16,4.251579779233525e-40
28,3,0.1257277769289785,0,4.251579779233525e-40
28,4,0.8727423308247207,2.220446049250313e-16,4.251579779233525e-40
28,5,0.6231140227664395,1.110223024625157e-16,4.251579779233525e-40
28,6,0.3768859772335607,-4.996003610813204e-16,4.251579779233525e-40
28,7,0.1272576691752793,2.775557561562891e-17,4.251579779233525e-40
28,8,0.8663254082861428,-2.220446049250313e-16,4.251579779233525e-40
28,9,0.6184812215481112,4.440892098500626e-16,4.251579779233525e-40
28,10,0.3815187784518887,-1.110223024625157e-16,4.251579779233525e-40
28,11,0.1336745917138571,3.05311331771918e-16,4.251579779233525e-40
28,12,0.840403489057882,7.771561172376096e-16,4.251579779233525e-40
28,13,0.6029666766879744,-8.881784197001252e-16,4.251579779233525e-40
28,14,0.3970333233120257,3.885780586188048e-16,4.251579779233525e-40
28,15,0.1595965109421179,-1.665334536937735e-16,4.251579779233525e-40
28,16,0.7327253603152933,-1.110223024625157e-16,4.251579779233525e-40
28,17,0.5559486728338779,1.665334536937735e-16,4.251579779233525e-40
28,18,0.444051327166122,3.885780586188048e-16,4.251579779233525e-40
28,19,0.2672746396847067,-3.885780586188048e-16,4.251579779233525e-40
29,0,0.8742722230710215,0,1.469898895255522e-40
29,1,0.6243465614593652,3.33066907387547e-16,1.469898895255522e-40
29,2,0.3756534385406348,-2.220446049250313e-16,1.469898895255522e-40
29,3,0.1257277769289785,0,1.469898895255522e-40
29,4,0.8727423308247207,2.220446049250313e-16,1.469898895255522e-40
29,5,0.6231140227664395,1.110223024625157e-16,1.469898895255522e-40
29,6,0.3768859772335607,-4.996003610813204e-16,1.469898895255522e-40
29,7,0.1272576691752793,2.775557561562891e-17,1.469898895255522e-40
29,8,0.8663254082861428,-2.220446049250313e-16,1.469898895255522e-40
29,9,0.6184812215481112,4.440892098500626e-16,1.469898895255522e-40
29,10,0.3815187784518887,-1.110223024625157e-16,1.469898895255522e-40
29,11,0.1336745917138571,3.05311331771918e-16,1.469898895255522e-40
29,12,0.840403489057882,7.771561172376096e-16,1.469898895255522e-40
29,13,0.6029666766879744,-8.881784197001252e-16,1.469898895255522e-40
29,14,0.3970333233120257,3.885780586188048e-16,1.469898895255522e-40
29,15,0.1595965109421179,-1.665334536937735e-16,1.469898895255522e-40
29,16,0.7327253603152933,-1.110223024625157e-16,1.469898895255522e-40
29,17,0.5559486728338779,1.665334536937735e-16,1.469898895255522e-40
29,18,0.444051327166122,3.885780586188048e-16,1.469898895255522e-40
29,19,0.2672746396847067,-3.885780586188048e-16,1.469898895255522e-40
30,0,0.8742722230710215,0,2.969319741474612e-41
30,1,0.6243465614593652,3.33066907387547e-16,2.969319741474612e-41
30,2,0.3756534385406348,-2.220446049250313e-16,2.969319741474612e-41
30,3,0.1257277769289785,0,2.969319741474612e-41
30,4,0.8727423308247207,2.220446049250313e-16,2.969319741474612e-41
30,5,0.6231140227664395,1.110223024625157e-16,2.969319741474612e-41
30,6,0.3768859772335607,-4.996003610813204e-16,2.969319741474612e-41
30,7,0.1272576691752793,2.775557561562891e-17,2.969319741474612e-41
30,8,0.8663254082861428,-2.220446049250313e-16,2.969319741474612e-41
30,9,0.6184812215481112,4.440892098500626e-16,2.969319741474612e-41
30,10,0.3815187784518887,-1.110223024625157e-16,2.969319741474612e-41
30,11,0.1336745917138571,3.05311331771918e-16,2.969319741474612e-41
30,12,0.840403489057882,7.771561172376096e-16,2.969319741474612e-41
30,13,0.6029666766879744,-8.881784197001252e-16,2.969319741474612e-41
30,14,0.3970333233120257,3.885780586188048e-16,2.969319741474612e-41
30,15,0.1595965109421179,-1.665334536937735e-16,2.969319741474612e-41
30,16,0.7327253603152933,-1.110223024625157e-16,2.969319741474612e-41
30,17,0.5559486728338779,1.665334536937735e-16,2.969319741474612e-41
30,18,0.444051327166122,3.885780586188048e-16,2.969319741474612e-41
30,19,0.2672746396847067,-3.885780586188048e-16,2.969319741474612e-41
