solver,label,cycle,resnorm,err_inf,fine_sweeps,fine_spmv
of_gamg,OpenFOAM GAMG,0,1.000000000000e+00,8.742722230710e-01,0,0
of_gamg,OpenFOAM GAMG,1,9.623191872161e-03,1.491346156820e-02,4,4
of_gamg,OpenFOAM GAMG,2,3.919379011702e-04,7.197403397262e-04,8,8
of_gamg,OpenFOAM GAMG,3,1.501883259697e-05,2.410580166756e-05,12,12
of_gamg,OpenFOAM GAMG,4,6.670947141629e-07,8.488399523277e-07,16,16
of_gamg,OpenFOAM GAMG,5,2.968424511355e-08,5.830580740440e-08,20,20
of_gamg,OpenFOAM GAMG,6,1.249906749529e-09,2.996247805420e-09,24,24
of_gamg,OpenFOAM GAMG,7,6.306920858583e-11,1.481139655368e-10,28,28
of_gamg,OpenFOAM GAMG,8,2.936428877831e-12,6.030842492066e-12,32,32
of_gamg,OpenFOAM GAMG,9,1.358754378852e-13,1.586508702189e-13,36,36
of_gamg,OpenFOAM GAMG,10,6.879417670445e-15,1.121325254871e-14,40,40
of_gamg,OpenFOAM GAMG,11,3.885780586188e-16,5.551115123126e-16,44,44
of_gamg,OpenFOAM GAMG,12,2.458350983099e-16,3.330669073875e-16,48,48
of_gamg,OpenFOAM GAMG,13,2.141144404634e-16,3.330669073875e-16,52,52
of_gamg,OpenFOAM GAMG,14,2.141144404634e-16,3.330669073875e-16,56,56
of_gamg,OpenFOAM GAMG,15,2.141144404634e-16,3.330669073875e-16,60,60
of_gamg,OpenFOAM GAMG,16,2.141144404634e-16,3.330669073875e-16,64,64
of_gamg,OpenFOAM GAMG,17,2.141144404634e-16,3.330669073875e-16,68,68
of_gamg,OpenFOAM GAMG,18,2.141144404634e-16,3.330669073875e-16,72,72
of_gamg,OpenFOAM GAMG,19,2.141144404634e-16,3.330669073875e-16,76,76
of_gamg,OpenFOAM GAMG,20,2.141144404634e-16,3.330669073875e-16,80,80
of_gamg,OpenFOAM GAMG,21,2.141144404634e-16,3.330669073875e-16,84,84
of_gamg,OpenFOAM GAMG,22,2.141144404634e-16,3.330669073875e-16,88,88
of_gamg,OpenFOAM GAMG,23,2.141144404634e-16,3.330669073875e-16,92,92
of_gamg,OpenFOAM GAMG,24,2.141144404634e-16,3.330669073875e-16,96,96
of_gamg,OpenFOAM GAMG,25,2.141144404634e-16,3.330669073875e-16,100,100
of_gamg,OpenFOAM GAMG,26,2.141144404634e-16,3.330669073875e-16,104,104
of_gamg,OpenFOAM GAMG,27,2.141144404634e-16,3.330669073875e-16,108,108
of_gamg,OpenFOAM GAMG,28,2.141144404634e-16,3.330669073875e-16,112,112
of_gamg,OpenFOAM GAMG,29,2.141144404634e-16,3.330669073875e-16,116,116
of_gamg,OpenFOAM GAMG,30,2.141144404634e-16,3.330669073875e-16,120,120
amgx,AMGX (PCG+AGGREGATION),0,1.000000000000e+00,8.742722230710e-01,0,0
amgx,AMGX (PCG+AGGREGATION),1,4.877051143889e-16,4.440892098501e-16,4,4
amgx,AMGX (PCG+AGGREGATION),2,4.877051143889e-16,4.440892098501e-16,8,8
amgx,AMGX (PCG+AGGREGATION),3,4.877051143889e-16,4.440892098501e-16,12,12
amgx,AMGX (PCG+AGGREGATION),4,4.877051143889e-16,4.440892098501e-16,16,16
amgx,AMGX (PCG+AGGREGATION),5,4.877051143889e-16,4.440892098501e-16,20,20
amgx,AMGX (PCG+AGGREGATION),6,4.877051143889e-16,4.440892098501e-16,24,24
amgx,AMGX (PCG+AGGREGATION),7,4.877051143889e-16,4.440892098501e-16,28,28
amgx,AMGX (PCG+AGGREGATION),8,4.877051143889e-16,4.440892098501e-16,32,32
amgx,AMGX (PCG+AGGREGATION),9,4.877051143889e-16,4.440892098501e-16,36,36
amgx,AMGX (PCG+AGGREGATION),10,4.877051143889e-16,4.440892098501e-16,40,40
amgx,AMGX (PCG+AGGREGATION),11,4.877051143889e-16,4.440892098501e-16,44,44
amgx,AMGX (PCG+AGGREGATION),12,4.877051143889e-16,4.440892098501e-16,48,48
amgx,AMGX (PCG+AGGREGATION),13,4.877051143889e-16,4.440892098501e-16,52,52
amgx,AMGX (PCG+AGGREGATION),14,4.877051143889e-16,4.440892098501e-16,56,56
amgx,AMGX (PCG+AGGREGATION),15,4.877051143889e-16,4.440892098501e-16,60,60
amgx,AMGX (PCG+AGGREGATION),16,4.877051143889e-16,4.440892098501e-16,64,64
amgx,AMGX (PCG+AGGREGATION),17,4.877051143889e-16,4.440892098501e-16,68,68
amgx,AMGX (PCG+AGGREGATION),18,4.877051143889e-16,4.440892098501e-16,72,72
amgx,AMGX (PCG+AGGREGATION),19,4.877051143889e-16,4.440892098501e-16,76,76
amgx,AMGX (PCG+AGGREGATION),20,4.877051143889e-16,4.440892098501e-16,80,80
amgx,AMGX (PCG+AGGREGATION),21,4.877051143889e-16,4.440892098501e-16,84,84
amgx,AMGX (PCG+AGGREGATION),22,4.877051143889e-16,4.440892098501e-16,88,88
amgx,AMGX (PCG+AGGREGATION),23,4.877051143889e-16,4.440892098501e-16,92,92
amgx,AMGX (PCG+AGGREGATION),24,4.877051143889e-16,4.440892098501e-16,96,96
amgx,AMGX (PCG+AGGREGATION),25,4.877051143889e-16,4.440892098501e-16,100,100
amgx,AMGX (PCG+AGGREGATION),26,4.877051143889e-16,4.440892098501e-16,104,104
amgx,AMGX (PCG+AGGREGATION),27,4.877051143889e-16,4.440892098501e-16,108,108
amgx,AMGX (PCG+AGGREGATION),28,4.877051143889e-16,4.440892098501e-16,112,112
amgx,AMGX (PCG+AGGREGATION),29,4.877051143889e-16,4.440892098501e-16,116,116
amgx,AMGX (PCG+AGGREGATION),30,4.877051143889e-16,4.440892098501e-16,120,120
brae,brae AMG-PCG,0,1.000000000000e+00,8.742722230710e-01,0,0
brae,brae AMG-PCG,1,1.377657161592e-01,1.387675282187e-01,2,3
brae,brae AMG-PCG,2,2.138485595055e-02,1.294436004302e-02,4,6
brae,brae AMG-PCG,3,8.992186983516e-04,8.329540181490e-04,6,9
brae,brae AMG-PCG,4,5.431598758720e-05,2.508809381008e-05,8,12
brae,brae AMG-PCG,5,5.450548181090e-07,2.466307225946e-07,10,15
brae,brae AMG-PCG,6,5.269959159932e-08,1.381062231243e-08,12,18
brae,brae AMG-PCG,7,1.512633086247e-09,5.180776918579e-10,14,21
brae,brae AMG-PCG,8,1.346505446825e-11,6.000533403494e-12,16,24
brae,brae AMG-PCG,9,4.970864989470e-13,5.660472091051e-13,18,27
brae,brae AMG-PCG,10,1.098129523821e-13,1.119104808822e-13,20,30
brae,brae AMG-PCG,11,5.717648576820e-15,4.551914400963e-15,22,33
brae,brae AMG-PCG,12,6.026924990822e-16,3.330669073875e-16,24,36
brae,brae AMG-PCG,13,4.996003610813e-16,3.330669073875e-16,26,39
brae,brae AMG-PCG,14,4.996003610813e-16,3.330669073875e-16,28,42
brae,brae AMG-PCG,15,4.996003610813e-16,3.330669073875e-16,30,45
brae,brae AMG-PCG,16,4.996003610813e-16,3.330669073875e-16,32,48
brae,brae AMG-PCG,17,4.996003610813e-16,3.330669073875e-16,34,51
brae,brae AMG-PCG,18,4.996003610813e-16,3.330669073875e-16,36,54
brae,brae AMG-PCG,19,4.996003610813e-16,3.330669073875e-16,38,57
brae,brae AMG-PCG,20,4.996003610813e-16,3.330669073875e-16,40,60
brae,brae AMG-PCG,21,4.996003610813e-16,3.330669073875e-16,42,63
brae,brae AMG-PCG,22,4.996003610813e-16,3.330669073875e-16,44,66
brae,brae AMG-PCG,23,4.996003610813e-16,3.330669073875e-16,46,69
brae,brae AMG-PCG,24,4.996003610813e-16,3.330669073875e-16,48,72
brae,brae AMG-PCG,25,4.996003610813e-16,3.330669073875e-16,50,75
brae,brae AMG-PCG,26,4.996003610813e-16,3.330669073875e-16,52,78
brae,brae AMG-PCG,27,4.996003610813e-16,3.330669073875e-16,54,81
brae,brae AMG-PCG,28,4.996003610813e-16,3.330669073875e-16,56,84
brae,brae AMG-PCG,29,4.996003610813e-16,3.330669073875e-16,58,87
brae,brae AMG-PCG,30,4.996003610813e-16,3.330669073875e-16,60,90
