solver,step,iter,phase,grid,ngrid,detail,resnorm
of_gamg,0,1,krylov_start,0,20,"GAMG cycle begins (standalone, no Krylov outer)",1.000000000000e+00
of_gamg,1,1,restrict,1,10,inject 20 -> 10 cells,1.000000000000e+00
of_gamg,2,1,restrict,2,4,inject 10 -> 4 cells,1.000000000000e+00
of_gamg,3,1,coarse_solve,2,4,"4 cells, dense direct solve",1.000000000000e+00
of_gamg,4,1,prolong,1,10,"broadcast 4 -> 10, correction scale 1.000",1.000000000000e+00
of_gamg,5,1,postsmooth,1,10,Gauss-Seidel,1.000000000000e+00
of_gamg,6,1,postsmooth,1,10,Gauss-Seidel,1.000000000000e+00
of_gamg,7,1,prolong,0,20,"broadcast 10 -> 20, correction scale 0.992",1.000000000000e+00
of_gamg,8,1,postsmooth,0,20,finest-grid Gauss-Seidel,1.000000000000e+00
of_gamg,9,1,postsmooth,0,20,finest-grid Gauss-Seidel,1.000000000000e+00
of_gamg,10,1,krylov_update,0,20,cycle complete,8.845396734046e-03
of_gamg,11,2,krylov_start,0,20,"GAMG cycle begins (standalone, no Krylov outer)",9.623191872161e-03
of_gamg,12,2,restrict,1,10,inject 20 -> 10 cells,9.623191872161e-03
of_gamg,13,2,restrict,2,4,inject 10 -> 4 cells,9.623191872161e-03
of_gamg,14,2,coarse_solve,2,4,"4 cells, dense direct solve",9.623191872161e-03
of_gamg,15,2,prolong,1,10,"broadcast 4 -> 10, correction scale 1.000",9.623191872161e-03
of_gamg,16,2,postsmooth,1,10,Gauss-Seidel,9.623191872161e-03
of_gamg,17,2,postsmooth,1,10,Gauss-Seidel,9.623191872161e-03
of_gamg,18,2,prolong,0,20,"broadcast 10 -> 20, correction scale 1.114",9.623191872161e-03
of_gamg,19,2,postsmooth,0,20,finest-grid Gauss-Seidel,9.623191872161e-03
of_gamg,20,2,postsmooth,0,20,finest-grid Gauss-Seidel,9.623191872161e-03
of_gamg,21,2,krylov_update,0,20,cycle complete,3.836687414942e-04
of_gamg,22,3,krylov_start,0,20,"GAMG cycle begins (standalone, no Krylov outer)",3.919379011702e-04
of_gamg,23,3,restrict,1,10,inject 20 -> 10 cells,3.919379011702e-04
of_gamg,24,3,restrict,2,4,inject 10 -> 4 cells,3.919379011702e-04
of_gamg,25,3,coarse_solve,2,4,"4 cells, dense direct solve",3.919379011702e-04
of_gamg,26,3,prolong,1,10,"broadcast 4 -> 10, correction scale 1.000",3.919379011702e-04
of_gamg,27,3,postsmooth,1,10,Gauss-Seidel,3.919379011702e-04
of_gamg,28,3,postsmooth,1,10,Gauss-Seidel,3.919379011702e-04
of_gamg,29,3,prolong,0,20,"broadcast 10 -> 20, correction scale 1.040",3.919379011702e-04
of_gamg,30,3,postsmooth,0,20,finest-grid Gauss-Seidel,3.919379011702e-04
of_gamg,31,3,postsmooth,0,20,finest-grid Gauss-Seidel,3.919379011702e-04
of_gamg,32,3,krylov_update,0,20,cycle complete,1.474121527637e-05
of_gamg,33,4,krylov_start,0,20,"GAMG cycle begins (standalone, no Krylov outer)",1.501883259697e-05
of_gamg,34,4,restrict,1,10,inject 20 -> 10 cells,1.501883259697e-05
of_gamg,35,4,restrict,2,4,inject 10 -> 4 cells,1.501883259697e-05
of_gamg,36,4,coarse_solve,2,4,"4 cells, dense direct solve",1.501883259697e-05
of_gamg,37,4,prolong,1,10,"broadcast 4 -> 10, correction scale 1.000",1.501883259697e-05
of_gamg,38,4,postsmooth,1,10,Gauss-Seidel,1.501883259697e-05
of_gamg,39,4,postsmooth,1,10,Gauss-Seidel,1.501883259697e-05
of_gamg,40,4,prolong,0,20,"broadcast 10 -> 20, correction scale 1.020",1.501883259697e-05
of_gamg,41,4,postsmooth,0,20,finest-grid Gauss-Seidel,1.501883259697e-05
of_gamg,42,4,postsmooth,0,20,finest-grid Gauss-Seidel,1.501883259697e-05
of_gamg,43,4,krylov_update,0,20,cycle complete,5.951138319994e-07
of_gamg,44,5,krylov_start,0,20,"GAMG cycle begins (standalone, no Krylov outer)",6.670947141629e-07
of_gamg,45,5,restrict,1,10,inject 20 -> 10 cells,6.670947141629e-07
of_gamg,46,5,restrict,2,4,inject 10 -> 4 cells,6.670947141629e-07
of_gamg,47,5,coarse_solve,2,4,"4 cells, dense direct solve",6.670947141629e-07
of_gamg,48,5,prolong,1,10,"broadcast 4 -> 10, correction scale 1.000",6.670947141629e-07
of_gamg,49,5,postsmooth,1,10,Gauss-Seidel,6.670947141629e-07
of_gamg,50,5,postsmooth,1,10,Gauss-Seidel,6.670947141629e-07
of_gamg,51,5,prolong,0,20,"broadcast 10 -> 20, correction scale 1.058",6.670947141629e-07
of_gamg,52,5,postsmooth,0,20,finest-grid Gauss-Seidel,6.670947141629e-07
of_gamg,53,5,postsmooth,0,20,finest-grid Gauss-Seidel,6.670947141629e-07
of_gamg,54,5,krylov_update,0,20,cycle complete,2.642381020736e-08
of_gamg,55,6,krylov_start,0,20,"GAMG cycle begins (standalone, no Krylov outer)",2.968424511355e-08
of_gamg,56,6,restrict,1,10,inject 20 -> 10 cells,2.968424511355e-08
of_gamg,57,6,restrict,2,4,inject 10 -> 4 cells,2.968424511355e-08
of_gamg,58,6,coarse_solve,2,4,"4 cells, dense direct solve",2.968424511355e-08
of_gamg,59,6,prolong,1,10,"broadcast 4 -> 10, correction scale 1.000",2.968424511355e-08
of_gamg,60,6,postsmooth,1,10,Gauss-Seidel,2.968424511355e-08
of_gamg,61,6,postsmooth,1,10,Gauss-Seidel,2.968424511355e-08
of_gamg,62,6,prolong,0,20,"broadcast 10 -> 20, correction scale 1.112",2.968424511355e-08
of_gamg,63,6,postsmooth,0,20,finest-grid Gauss-Seidel,2.968424511355e-08
of_gamg,64,6,postsmooth,0,20,finest-grid Gauss-Seidel,2.968424511355e-08
of_gamg,65,6,krylov_update,0,20,cycle complete,1.163719485854e-09
amgx,0,1,krylov_start,0,20,CG iteration begins,1.000000000000e+00
amgx,1,1,presmooth,0,20,block Jacobi omega=0.75,1.000000000000e+00
amgx,2,1,presmooth,0,20,block Jacobi omega=0.75,1.000000000000e+00
amgx,3,1,residual,0,20,r = b - A x,1.000000000000e+00
amgx,4,1,restrict,1,10,inject 20 -> 10 cells,1.000000000000e+00
amgx,5,1,presmooth,1,10,block Jacobi omega=0.75,1.000000000000e+00
amgx,6,1,presmooth,1,10,block Jacobi omega=0.75,1.000000000000e+00
amgx,7,1,residual,1,10,r = b - A x,1.000000000000e+00
amgx,8,1,restrict,2,5,inject 10 -> 5 cells,1.000000000000e+00
amgx,9,1,presmooth,2,5,block Jacobi omega=0.75,1.000000000000e+00
amgx,10,1,presmooth,2,5,block Jacobi omega=0.75,1.000000000000e+00
amgx,11,1,residual,2,5,r = b - A x,1.000000000000e+00
amgx,12,1,restrict,3,2,inject 5 -> 2 cells,1.000000000000e+00
amgx,13,1,coarse_solve,3,2,"2 cells, dense LU",1.000000000000e+00
amgx,14,1,prolong,2,5,broadcast 2 -> 5 cells,1.000000000000e+00
amgx,15,1,postsmooth,2,5,block Jacobi omega=0.75,1.000000000000e+00
amgx,16,1,postsmooth,2,5,block Jacobi omega=0.75,1.000000000000e+00
amgx,17,1,prolong,1,10,broadcast 5 -> 10 cells,1.000000000000e+00
amgx,18,1,postsmooth,1,10,block Jacobi omega=0.75,1.000000000000e+00
amgx,19,1,postsmooth,1,10,block Jacobi omega=0.75,1.000000000000e+00
amgx,20,1,prolong,0,20,broadcast 10 -> 20 cells,1.000000000000e+00
amgx,21,1,postsmooth,0,20,block Jacobi omega=0.75,1.000000000000e+00
amgx,22,1,postsmooth,0,20,block Jacobi omega=0.75,1.000000000000e+00
amgx,23,1,krylov_update,0,20,x += 1.0368 p,9.903852773867e-02
amgx,24,2,krylov_start,0,20,CG iteration begins,9.903852773867e-02
amgx,25,2,presmooth,0,20,block Jacobi omega=0.75,9.903852773867e-02
amgx,26,2,presmooth,0,20,block Jacobi omega=0.75,9.903852773867e-02
amgx,27,2,residual,0,20,r = b - A x,9.903852773867e-02
amgx,28,2,restrict,1,10,inject 20 -> 10 cells,9.903852773867e-02
amgx,29,2,presmooth,1,10,block Jacobi omega=0.75,9.903852773867e-02
amgx,30,2,presmooth,1,10,block Jacobi omega=0.75,9.903852773867e-02
amgx,31,2,residual,1,10,r = b - A x,9.903852773867e-02
amgx,32,2,restrict,2,5,inject 10 -> 5 cells,9.903852773867e-02
amgx,33,2,presmooth,2,5,block Jacobi omega=0.75,9.903852773867e-02
amgx,34,2,presmooth,2,5,block Jacobi omega=0.75,9.903852773867e-02
amgx,35,2,residual,2,5,r = b - A x,9.903852773867e-02
amgx,36,2,restrict,3,2,inject 5 -> 2 cells,9.903852773867e-02
amgx,37,2,coarse_solve,3,2,"2 cells, dense LU",9.903852773867e-02
amgx,38,2,prolong,2,5,broadcast 2 -> 5 cells,9.903852773867e-02
amgx,39,2,postsmooth,2,5,block Jacobi omega=0.75,9.903852773867e-02
amgx,40,2,postsmooth,2,5,block Jacobi omega=0.75,9.903852773867e-02
amgx,41,2,prolong,1,10,broadcast 5 -> 10 cells,9.903852773867e-02
amgx,42,2,postsmooth,1,10,block Jacobi omega=0.75,9.903852773867e-02
amgx,43,2,postsmooth,1,10,block Jacobi omega=0.75,9.903852773867e-02
amgx,44,2,prolong,0,20,broadcast 10 -> 20 cells,9.903852773867e-02
amgx,45,2,postsmooth,0,20,block Jacobi omega=0.75,9.903852773867e-02
amgx,46,2,postsmooth,0,20,block Jacobi omega=0.75,9.903852773867e-02
amgx,47,2,krylov_update,0,20,x += 1.2973 p,3.997605096014e-03
amgx,48,3,krylov_start,0,20,CG iteration begins,3.997605096014e-03
amgx,49,3,presmooth,0,20,block Jacobi omega=0.75,3.997605096014e-03
amgx,50,3,presmooth,0,20,block Jacobi omega=0.75,3.997605096014e-03
amgx,51,3,residual,0,20,r = b - A x,3.997605096014e-03
amgx,52,3,restrict,1,10,inject 20 -> 10 cells,3.997605096014e-03
amgx,53,3,presmooth,1,10,block Jacobi omega=0.75,3.997605096014e-03
amgx,54,3,presmooth,1,10,block Jacobi omega=0.75,3.997605096014e-03
amgx,55,3,residual,1,10,r = b - A x,3.997605096014e-03
amgx,56,3,restrict,2,5,inject 10 -> 5 cells,3.997605096014e-03
amgx,57,3,presmooth,2,5,block Jacobi omega=0.75,3.997605096014e-03
amgx,58,3,presmooth,2,5,block Jacobi omega=0.75,3.997605096014e-03
amgx,59,3,residual,2,5,r = b - A x,3.997605096014e-03
amgx,60,3,restrict,3,2,inject 5 -> 2 cells,3.997605096014e-03
amgx,61,3,coarse_solve,3,2,"2 cells, dense LU",3.997605096014e-03
amgx,62,3,prolong,2,5,broadcast 2 -> 5 cells,3.997605096014e-03
amgx,63,3,postsmooth,2,5,block Jacobi omega=0.75,3.997605096014e-03
amgx,64,3,postsmooth,2,5,block Jacobi omega=0.75,3.997605096014e-03
amgx,65,3,prolong,1,10,broadcast 5 -> 10 cells,3.997605096014e-03
amgx,66,3,postsmooth,1,10,block Jacobi omega=0.75,3.997605096014e-03
amgx,67,3,postsmooth,1,10,block Jacobi omega=0.75,3.997605096014e-03
amgx,68,3,prolong,0,20,broadcast 10 -> 20 cells,3.997605096014e-03
amgx,69,3,postsmooth,0,20,block Jacobi omega=0.75,3.997605096014e-03
amgx,70,3,postsmooth,0,20,block Jacobi omega=0.75,3.997605096014e-03
amgx,71,3,krylov_update,0,20,x += 1.0704 p,1.517472663439e-04
amgx,72,4,krylov_start,0,20,CG iteration begins,1.517472663439e-04
amgx,73,4,presmooth,0,20,block Jacobi omega=0.75,1.517472663439e-04
amgx,74,4,presmooth,0,20,block Jacobi omega=0.75,1.517472663439e-04
amgx,75,4,residual,0,20,r = b - A x,1.517472663439e-04
amgx,76,4,restrict,1,10,inject 20 -> 10 cells,1.517472663439e-04
amgx,77,4,presmooth,1,10,block Jacobi omega=0.75,1.517472663439e-04
amgx,78,4,presmooth,1,10,block Jacobi omega=0.75,1.517472663439e-04
amgx,79,4,residual,1,10,r = b - A x,1.517472663439e-04
amgx,80,4,restrict,2,5,inject 10 -> 5 cells,1.517472663439e-04
amgx,81,4,presmooth,2,5,block Jacobi omega=0.75,1.517472663439e-04
amgx,82,4,presmooth,2,5,block Jacobi omega=0.75,1.517472663439e-04
amgx,83,4,residual,2,5,r = b - A x,1.517472663439e-04
amgx,84,4,restrict,3,2,inject 5 -> 2 cells,1.517472663439e-04
amgx,85,4,coarse_solve,3,2,"2 cells, dense LU",1.517472663439e-04
amgx,86,4,prolong,2,5,broadcast 2 -> 5 cells,1.517472663439e-04
amgx,87,4,postsmooth,2,5,block Jacobi omega=0.75,1.517472663439e-04
amgx,88,4,postsmooth,2,5,block Jacobi omega=0.75,1.517472663439e-04
amgx,89,4,prolong,1,10,broadcast 5 -> 10 cells,1.517472663439e-04
amgx,90,4,postsmooth,1,10,block Jacobi omega=0.75,1.517472663439e-04
amgx,91,4,postsmooth,1,10,block Jacobi omega=0.75,1.517472663439e-04
amgx,92,4,prolong,0,20,broadcast 10 -> 20 cells,1.517472663439e-04
amgx,93,4,postsmooth,0,20,block Jacobi omega=0.75,1.517472663439e-04
amgx,94,4,postsmooth,0,20,block Jacobi omega=0.75,1.517472663439e-04
amgx,95,4,krylov_update,0,20,x += 1.0333 p,5.953515497746e-07
amgx,96,5,krylov_start,0,20,CG iteration begins,5.953515497746e-07
amgx,97,5,presmooth,0,20,block Jacobi omega=0.75,5.953515497746e-07
amgx,98,5,presmooth,0,20,block Jacobi omega=0.75,5.953515497746e-07
amgx,99,5,residual,0,20,r = b - A x,5.953515497746e-07
amgx,100,5,restrict,1,10,inject 20 -> 10 cells,5.953515497746e-07
amgx,101,5,presmooth,1,10,block Jacobi omega=0.75,5.953515497746e-07
amgx,102,5,presmooth,1,10,block Jacobi omega=0.75,5.953515497746e-07
amgx,103,5,residual,1,10,r = b - A x,5.953515497746e-07
amgx,104,5,restrict,2,5,inject 10 -> 5 cells,5.953515497746e-07
amgx,105,5,presmooth,2,5,block Jacobi omega=0.75,5.953515497746e-07
amgx,106,5,presmooth,2,5,block Jacobi omega=0.75,5.953515497746e-07
amgx,107,5,residual,2,5,r = b - A x,5.953515497746e-07
amgx,108,5,restrict,3,2,inject 5 -> 2 cells,5.953515497746e-07
amgx,109,5,coarse_solve,3,2,"2 cells, dense LU",5.953515497746e-07
amgx,110,5,prolong,2,5,broadcast 2 -> 5 cells,5.953515497746e-07
amgx,111,5,postsmooth,2,5,block Jacobi omega=0.75,5.953515497746e-07
amgx,112,5,postsmooth,2,5,block Jacobi omega=0.75,5.953515497746e-07
amgx,113,5,prolong,1,10,broadcast 5 -> 10 cells,5.953515497746e-07
amgx,114,5,postsmooth,1,10,block Jacobi omega=0.75,5.953515497746e-07
amgx,115,5,postsmooth,1,10,block Jacobi omega=0.75,5.953515497746e-07
amgx,116,5,prolong,0,20,broadcast 10 -> 20 cells,5.953515497746e-07
amgx,117,5,postsmooth,0,20,block Jacobi omega=0.75,5.953515497746e-07
amgx,118,5,postsmooth,0,20,block Jacobi omega=0.75,5.953515497746e-07
amgx,119,5,krylov_update,0,20,x += 1.0121 p,2.509618332713e-09
amgx,120,6,krylov_start,0,20,CG iteration begins,2.509618332713e-09
amgx,121,6,presmooth,0,20,block Jacobi omega=0.75,2.509618332713e-09
amgx,122,6,presmooth,0,20,block Jacobi omega=0.75,2.509618332713e-09
amgx,123,6,residual,0,20,r = b - A x,2.509618332713e-09
amgx,124,6,restrict,1,10,inject 20 -> 10 cells,2.509618332713e-09
amgx,125,6,presmooth,1,10,block Jacobi omega=0.75,2.509618332713e-09
amgx,126,6,presmooth,1,10,block Jacobi omega=0.75,2.509618332713e-09
amgx,127,6,residual,1,10,r = b - A x,2.509618332713e-09
amgx,128,6,restrict,2,5,inject 10 -> 5 cells,2.509618332713e-09
amgx,129,6,presmooth,2,5,block Jacobi omega=0.75,2.509618332713e-09
amgx,130,6,presmooth,2,5,block Jacobi omega=0.75,2.509618332713e-09
amgx,131,6,residual,2,5,r = b - A x,2.509618332713e-09
amgx,132,6,restrict,3,2,inject 5 -> 2 cells,2.509618332713e-09
amgx,133,6,coarse_solve,3,2,"2 cells, dense LU",2.509618332713e-09
amgx,134,6,prolong,2,5,broadcast 2 -> 5 cells,2.509618332713e-09
amgx,135,6,postsmooth,2,5,block Jacobi omega=0.75,2.509618332713e-09
amgx,136,6,postsmooth,2,5,block Jacobi omega=0.75,2.509618332713e-09
amgx,137,6,prolong,1,10,broadcast 5 -> 10 cells,2.509618332713e-09
amgx,138,6,postsmooth,1,10,block Jacobi omega=0.75,2.509618332713e-09
amgx,139,6,postsmooth,1,10,block Jacobi omega=0.75,2.509618332713e-09
amgx,140,6,prolong,0,20,broadcast 10 -> 20 cells,2.509618332713e-09
amgx,141,6,postsmooth,0,20,block Jacobi omega=0.75,2.509618332713e-09
amgx,142,6,postsmooth,0,20,block Jacobi omega=0.75,2.509618332713e-09
amgx,143,6,krylov_update,0,20,x += 1.0030 p,5.523706162402e-12
brae,0,1,krylov_start,0,20,CG iteration begins,1.000000000000e+00
brae,1,1,presmooth,0,20,damped Jacobi omega=0.8,1.000000000000e+00
brae,2,1,residual,0,20,r = b - A x,1.000000000000e+00
brae,3,1,restrict,1,10,inject 20 -> 10 cells,1.000000000000e+00
brae,4,1,presmooth,1,10,damped Jacobi omega=0.8,1.000000000000e+00
brae,5,1,residual,1,10,r = b - A x,1.000000000000e+00
brae,6,1,restrict,2,5,inject 10 -> 5 cells,1.000000000000e+00
brae,7,1,presmooth,2,5,damped Jacobi omega=0.8,1.000000000000e+00
brae,8,1,residual,2,5,r = b - A x,1.000000000000e+00
brae,9,1,restrict,3,2,inject 5 -> 2 cells,1.000000000000e+00
brae,10,1,coarse_solve,3,2,"2 cells, direct-strength Jacobi solve",1.000000000000e+00
brae,11,1,prolong,2,5,broadcast 2 -> 5 cells,1.000000000000e+00
brae,12,1,postsmooth,2,5,damped Jacobi omega=0.8,1.000000000000e+00
brae,13,1,prolong,1,10,broadcast 5 -> 10 cells,1.000000000000e+00
brae,14,1,postsmooth,1,10,damped Jacobi omega=0.8,1.000000000000e+00
brae,15,1,prolong,0,20,broadcast 10 -> 20 cells,1.000000000000e+00
brae,16,1,postsmooth,0,20,damped Jacobi omega=0.8,1.000000000000e+00
brae,17,1,krylov_update,0,20,x += 1.0404 p,1.377657054454e-01
brae,18,2,krylov_start,0,20,CG iteration begins,1.377657054454e-01
brae,19,2,presmooth,0,20,damped Jacobi omega=0.8,1.377657054454e-01
brae,20,2,residual,0,20,r = b - A x,1.377657054454e-01
brae,21,2,restrict,1,10,inject 20 -> 10 cells,1.377657054454e-01
brae,22,2,presmooth,1,10,damped Jacobi omega=0.8,1.377657054454e-01
brae,23,2,residual,1,10,r = b - A x,1.377657054454e-01
brae,24,2,restrict,2,5,inject 10 -> 5 cells,1.377657054454e-01
brae,25,2,presmooth,2,5,damped Jacobi omega=0.8,1.377657054454e-01
brae,26,2,residual,2,5,r = b - A x,1.377657054454e-01
brae,27,2,restrict,3,2,inject 5 -> 2 cells,1.377657054454e-01
brae,28,2,coarse_solve,3,2,"2 cells, direct-strength Jacobi solve",1.377657054454e-01
brae,29,2,prolong,2,5,broadcast 2 -> 5 cells,1.377657054454e-01
brae,30,2,postsmooth,2,5,damped Jacobi omega=0.8,1.377657054454e-01
brae,31,2,prolong,1,10,broadcast 5 -> 10 cells,1.377657054454e-01
brae,32,2,postsmooth,1,10,damped Jacobi omega=0.8,1.377657054454e-01
brae,33,2,prolong,0,20,broadcast 10 -> 20 cells,1.377657054454e-01
brae,34,2,postsmooth,0,20,damped Jacobi omega=0.8,1.377657054454e-01
brae,35,2,krylov_update,0,20,x += 1.5535 p,2.138484518091e-02
brae,36,3,krylov_start,0,20,CG iteration begins,2.138484518091e-02
brae,37,3,presmooth,0,20,damped Jacobi omega=0.8,2.138484518091e-02
brae,38,3,residual,0,20,r = b - A x,2.138484518091e-02
brae,39,3,restrict,1,10,inject 20 -> 10 cells,2.138484518091e-02
brae,40,3,presmooth,1,10,damped Jacobi omega=0.8,2.138484518091e-02
brae,41,3,residual,1,10,r = b - A x,2.138484518091e-02
brae,42,3,restrict,2,5,inject 10 -> 5 cells,2.138484518091e-02
brae,43,3,presmooth,2,5,damped Jacobi omega=0.8,2.138484518091e-02
brae,44,3,residual,2,5,r = b - A x,2.138484518091e-02
brae,45,3,restrict,3,2,inject 5 -> 2 cells,2.138484518091e-02
brae,46,3,coarse_solve,3,2,"2 cells, direct-strength Jacobi solve",2.138484518091e-02
brae,47,3,prolong,2,5,broadcast 2 -> 5 cells,2.138484518091e-02
brae,48,3,postsmooth,2,5,damped Jacobi omega=0.8,2.138484518091e-02
brae,49,3,prolong,1,10,broadcast 5 -> 10 cells,2.138484518091e-02
brae,50,3,postsmooth,1,10,damped Jacobi omega=0.8,2.138484518091e-02
brae,51,3,prolong,0,20,broadcast 10 -> 20 cells,2.138484518091e-02
brae,52,3,postsmooth,0,20,damped Jacobi omega=0.8,2.138484518091e-02
brae,53,3,krylov_update,0,20,x += 1.1151 p,8.992189231248e-04
brae,54,4,krylov_start,0,20,CG iteration begins,8.992189231248e-04
brae,55,4,presmooth,0,20,damped Jacobi omega=0.8,8.992189231248e-04
brae,56,4,residual,0,20,r = b - A x,8.992189231248e-04
brae,57,4,restrict,1,10,inject 20 -> 10 cells,8.992189231248e-04
brae,58,4,presmooth,1,10,damped Jacobi omega=0.8,8.992189231248e-04
brae,59,4,residual,1,10,r = b - A x,8.992189231248e-04
brae,60,4,restrict,2,5,inject 10 -> 5 cells,8.992189231248e-04
brae,61,4,presmooth,2,5,damped Jacobi omega=0.8,8.992189231248e-04
brae,62,4,residual,2,5,r = b - A x,8.992189231248e-04
brae,63,4,restrict,3,2,inject 5 -> 2 cells,8.992189231248e-04
brae,64,4,coarse_solve,3,2,"2 cells, direct-strength Jacobi solve",8.992189231248e-04
brae,65,4,prolong,2,5,broadcast 2 -> 5 cells,8.992189231248e-04
brae,66,4,postsmooth,2,5,damped Jacobi omega=0.8,8.992189231248e-04
brae,67,4,prolong,1,10,broadcast 5 -> 10 cells,8.992189231248e-04
brae,68,4,postsmooth,1,10,damped Jacobi omega=0.8,8.992189231248e-04
brae,69,4,prolong,0,20,broadcast 10 -> 20 cells,8.992189231248e-04
brae,70,4,postsmooth,0,20,damped Jacobi omega=0.8,8.992189231248e-04
brae,71,4,krylov_update,0,20,x += 1.2159 p,5.431618505406e-05
brae,72,5,krylov_start,0,20,CG iteration begins,5.431618505406e-05
brae,73,5,presmooth,0,20,damped Jacobi omega=0.8,5.431618505406e-05
brae,74,5,residual,0,20,r = b - A x,5.431618505406e-05
brae,75,5,restrict,1,10,inject 20 -> 10 cells,5.431618505406e-05
brae,76,5,presmooth,1,10,damped Jacobi omega=0.8,5.431618505406e-05
brae,77,5,residual,1,10,r = b - A x,5.431618505406e-05
brae,78,5,restrict,2,5,inject 10 -> 5 cells,5.431618505406e-05
brae,79,5,presmooth,2,5,damped Jacobi omega=0.8,5.431618505406e-05
brae,80,5,residual,2,5,r = b - A x,5.431618505406e-05
brae,81,5,restrict,3,2,inject 5 -> 2 cells,5.431618505406e-05
brae,82,5,coarse_solve,3,2,"2 cells, direct-strength Jacobi solve",5.431618505406e-05
brae,83,5,prolong,2,5,broadcast 2 -> 5 cells,5.431618505406e-05
brae,84,5,postsmooth,2,5,damped Jacobi omega=0.8,5.431618505406e-05
brae,85,5,prolong,1,10,broadcast 5 -> 10 cells,5.431618505406e-05
brae,86,5,postsmooth,1,10,damped Jacobi omega=0.8,5.431618505406e-05
brae,87,5,prolong,0,20,broadcast 10 -> 20 cells,5.431618505406e-05
brae,88,5,postsmooth,0,20,damped Jacobi omega=0.8,5.431618505406e-05
brae,89,5,krylov_update,0,20,x += 1.0237 p,5.450602847762e-07
brae,90,6,krylov_start,0,20,CG iteration begins,5.450602847762e-07
brae,91,6,presmooth,0,20,damped Jacobi omega=0.8,5.450602847762e-07
brae,92,6,residual,0,20,r = b - A x,5.450602847762e-07
brae,93,6,restrict,1,10,inject 20 -> 10 cells,5.450602847762e-07
brae,94,6,presmooth,1,10,damped Jacobi omega=0.8,5.450602847762e-07
brae,95,6,residual,1,10,r = b - A x,5.450602847762e-07
brae,96,6,restrict,2,5,inject 10 -> 5 cells,5.450602847762e-07
brae,97,6,presmooth,2,5,damped Jacobi omega=0.8,5.450602847762e-07
brae,98,6,residual,2,5,r = b - A x,5.450602847762e-07
brae,99,6,restrict,3,2,inject 5 -> 2 cells,5.450602847762e-07
brae,100,6,coarse_solve,3,2,"2 cells, direct-strength Jacobi solve",5.450602847762e-07
brae,101,6,prolong,2,5,broadcast 2 -> 5 cells,5.450602847762e-07
brae,102,6,postsmooth,2,5,damped Jacobi omega=0.8,5.450602847762e-07
brae,103,6,prolong,1,10,broadcast 5 -> 10 cells,5.450602847762e-07
brae,104,6,postsmooth,1,10,damped Jacobi omega=0.8,5.450602847762e-07
brae,105,6,prolong,0,20,broadcast 10 -> 20 cells,5.450602847762e-07
brae,106,6,postsmooth,0,20,damped Jacobi omega=0.8,5.450602847762e-07
brae,107,6,krylov_update,0,20,x += 1.0611 p,5.270027895598e-08
